type,form_sdbAre,form_sdbPer,form_sdbCoA,form_ssbCCo,form_ssbCor,form_ssbSqu,form_ssbERI,form_ssbElo,form_ssbCCM,form_ssbCCD,form_stbOri,form_sdcLAL,form_sdcAre,form_sscCCo,form_sscERI,form_stcOri,form_sicCAR,form_stbCeA,form_mtbAli,form_mtbNDi,form_mtcWNe,form_mdcAre,form_ltcWRE,form_ltbIBD,nodeID,form_sdsSPW,form_sdsSWD,form_sdsSPO,form_sdsLen,form_sssLin,form_ldsMSL,form_mtdDeg,form_lcdMes,form_linP3W,form_linP4W,form_linPDE,form_lcnClo,form_ldsCDL,form_xcnSCl,form_mtdMDi,form_lddNDe,form_linWID,edgeID_primary,form_stbSAl,form_sddAre,form_sdsAre,form_sisBpM,form_misCel,form_mdsAre,form_lisCel,form_ldsAre,form_ltcRea,form_ltcAre,form_ldeAre,form_ldePer,form_lseCCo,form_lseERI,form_lseCWA,form_lteOri,form_lteWNB,form_lieWCe,func_population,func_night_lights,func_workplace_abde,func_workplace_c,func_workplace_f,func_workplace_gi,func_workplace_hj,func_workplace_klmn,func_workplace_opq,func_workplace_rstu,func_corine_124,func_corine_211,func_corine_121,func_corine_421,func_corine_522,func_corine_142,func_corine_141,func_corine_112,func_corine_231,func_corine_311,func_corine_131,func_corine_123,func_corine_122,func_corine_512,func_corine_243,func_corine_313,func_corine_412,func_corine_321,func_corine_322,func_corine_324,func_corine_111,func_corine_423,func_corine_523,func_corine_133,func_corine_334,func_corine_132,func_corine_242,func_corine_411,func_corine_511,func_corine_312,func_corine_332,func_corine_521,func_corine_331,func_corine_244,func_corine_333,func_corine_222,ndvi,func_supermarkets_nearest,func_supermarkets_counts,func_listed_nearest,func_listed_counts,func_fhrs_nearest,func_fhrs_counts,func_culture_nearest,func_culture_counts,func_water_nearest,func_retail_centrenearest
Accessible suburbia,176.94913466222653,53.902696956766626,0.47683794511742933,0.5348561694915726,4.2538453658411655,0.7752724912878004,0.9877068491626665,0.6422713388428964,9.60487339003105,0.3643286980721215,19.555052871101566,50.83865978408642,1147.2534742433083,0.4725119056803347,0.9661700994745487,20.39945582460311,0.18626097082758522,7.3847546339283126,5.313901944617105,17.815466201920035,0.0440661365700389,8620.10533193529,0.00011279543175955875,21.97322871575346,26767.00555748117,28.37910407760411,3.302546059448506,0.41914052893557985,187.6112146374147,0.9282646728789495,2327.310770959913,2.873133785199968,0.08145486051608394,0.7425553478842181,0.0670384011092262,0.18903405710525134,2.0888802864450644e-06,228.5827857823988,0.02718095170271659,132.4881638583102,0.019903485853477766,0.033053548381146665,32602.73063546863,8.726684657122481,22426.3627785533,36496.96138771288,0.11027439581937976,49.08807211623402,113290.0605249824,166.98063247274652,451276.21279790025,36.80203833689869,60511.46460024595,242778.35216177508,2046.2913264195506,0.39515237870680275,0.847047143524452,515.7686282026796,19.24295433812532,0.008550981501088049,36.318908377648285,4.511721784431814,11.017377932241605,0.014904597427801626,0.12319539599036763,0.11579487361102071,0.21030307682001884,0.07491356774435251,0.1474408609450384,0.42788449659352323,0.06008667690072775,9.361953947736907e-05,0.001838536499089683,0.003082532662565073,4.280666286093206e-05,1.0647127164956587e-05,0.0036650380666928884,0.005723469591066166,0.9791338544608109,0.002710469356884516,0.000550792210390083,7.3797683037605585e-06,0.00015788275859596242,5.0377551456071056e-05,9.572062185439643e-06,0.00010580343756796751,0.00011248152958104629,5.297235987424576e-07,3.3400759029952333e-05,5.505338266362149e-05,9.348860536175447e-06,0.001175616840955921,0.00021035090810356662,7.89226096480851e-05,0.0009759301902513138,0.0,0.0,8.025587037322107e-06,4.5050695273530986e-05,0.0,1.1560295062974026e-05,7.4711990482061726e-06,0.0,9.12082853652131e-05,0.0,4.4855870608676455e-07,1.8188306418007455e-06,0.29065343677770955,828.8222606486768,1.8905187915545016,744.223993819853,11.273578322616897,218.46076765668326,334.4349906018051,5384.638745900679,0.05911268621430124,542.6136609486987,849.4478707524687
Connected residential neighbourhoods,272.52222047358515,69.11996654764647,1.0698719007752011,0.4809406407730713,4.445514934004994,1.4664259246934184,0.9794153579353249,0.5554678123318881,12.406840284803524,0.7074939128649739,25.50140941231994,57.715226670177856,1517.813403268685,0.4828252882753099,0.9674909921028921,24.935876146207157,0.19666683957396644,6.115773390983181,5.360088739479633,19.165441248955428,0.0395219505065084,11990.45514425692,0.0001168434187535152,24.074215200657942,28831.206267091766,26.836639319485812,3.2727476181387702,0.40502779210663664,162.45118487434002,0.936100061506907,2374.38729620685,3.0006323119405574,0.11434109178249109,0.7372404797066283,0.12200997687329443,0.13860120239544846,2.145291983396746e-06,163.7767327862935,0.03663429299046334,118.05842383145409,0.01892510717782497,0.03434911356986005,35599.8462468151,7.53352643385139,14599.223469242334,24423.69035316454,0.08351617490189137,33.99163497414249,88462.7355515129,126.0673774448925,390719.33352125174,40.23508931072662,87537.6336175411,95677.02136203717,1360.8124327264104,0.3877598758832711,0.8711415344353484,344.7395158338596,25.616477550623774,0.012363212622246118,2.8198869276973713,8.574486471017403,19.989969350729393,0.02945186072146855,0.29158877677266737,0.22447066147850758,0.609762523426951,0.208256024927211,0.39920953676685683,0.9401782191356267,0.1518800968987943,0.0,0.0001997573519756967,0.017704776703513572,2.5134495787823045e-05,6.22825134674618e-06,0.0023255252044192126,0.009551483997901724,0.9493974361448462,0.0012897724632400308,0.00031111383664398013,1.3038653013117867e-07,0.00041367250956218923,0.00039847136514700336,3.5781368016228055e-05,4.46785538908205e-05,7.625562022462056e-06,0.0,0.00026854235547139215,1.5420259957547314e-05,0.0,0.017576159258336305,0.00011245951110093614,0.00015445389668134444,8.279870081699157e-05,0.0,0.0,0.0,0.0,2.799937402928551e-05,5.057847028726341e-05,0.0,0.0,0.0,0.0,0.0,0.0,0.247132575243621,679.9589400980125,2.8559796166108615,596.6136543164992,24.279145711884528,152.47992225726347,692.6640502647973,3946.0525170119554,0.12919707055480703,555.9649416532345,536.4691549249377
Countryside agriculture,204.10040044738093,56.04898369837511,0.5058311308959964,0.5062746297926983,4.371156118284886,0.809087127096752,0.9777891584140948,0.6000645820828253,9.791868505606256,0.5569145576147124,20.57387809715172,220.29668567986573,31193.47756324737,0.38497391104698814,0.9347266617407681,21.91564414263687,0.07411434125021858,11.488517685247357,8.447269495815393,111.3768819453694,0.022692140740418486,277883.9514182356,1.0392967631131545e-05,167.60146380885658,24275.472870708756,32.840892797146836,3.9100017726475067,0.8261769537764236,574.251150300761,0.9252358366615437,5884.249932318078,2.7783425324392836,0.05832650218062195,0.7172647128401491,0.041541627493148825,0.24028772303334742,7.276338779690565e-07,636.0680519317857,0.012134000968465921,373.7351785678945,0.010008574843728054,0.015404462473650052,28875.7386346362,11.814765342318486,286081.33088618406,502883.465605982,0.046847829652958146,38.075018552891194,1591397.3908235745,110.8863135119817,5858316.879189188,46.23347583712083,2410926.403123621,3591565.145775475,7599.462746626992,0.40457229564365865,0.8435342011425871,1777.6586998509615,21.391120006493555,0.005288164792984753,746.2792596303725,1.9132162760304041,1.389172670228216,0.07863870562289596,0.2189858075677233,0.09931406367715032,0.19082366637158965,0.07254022776145012,0.13256315698214824,0.2182644660007389,0.05421089074064649,0.0022971885026605524,0.3494150167357971,0.013229848241637988,0.00034230977650812625,0.00022152173124457658,0.015444873240474253,0.0001350155013499043,0.19579953048006804,0.361131707611154,0.020233734599386828,0.002105687393089485,0.00023285069816813165,0.0006778470876873785,0.0009217628179476605,0.007703448234483251,0.009454795756019556,0.0009295025195598073,0.003366210708804728,0.0046708966735362805,0.000836283457905298,1.6395887239399044e-05,0.0005038051938574651,0.0002641899532702882,0.0003441357745930499,0.0,0.0001493525471772623,0.0015903677633581383,0.00034988910067944567,0.0002169438468328354,0.0053741061385762234,3.321157371739011e-05,5.824269554323738e-06,0.00012473336387917712,7.923823417889881e-06,5.8564242779239024e-05,0.001810514844219873,0.48123996575176203,4751.226429396625,0.08904226751422548,557.936276171538,11.223065979767986,725.690642944992,44.465529044079865,13156.203765060704,0.0038039679332004055,304.4881805627052,4943.972106945474
Dense residential neighbourhoods,375.5982897524802,80.55847287038416,2.127339748843674,0.47255417578618175,4.69471438011118,1.8636204254062607,0.9699118915043494,0.5570538429020819,13.96141983158428,1.0707842313922558,16.41382195509911,64.45802078492677,1917.3133537528136,0.47867796018590697,0.9645765728147153,17.765760961442144,0.5210016386877587,6.518468334887211,5.392105311802543,20.841039722573107,0.042604537454977574,15619.35800671528,9.918446400567118e-05,26.479258486568778,26648.826220551735,26.290819807524034,3.5044554912953174,0.4287547974512103,153.65638552996404,0.9243520108930363,1992.4427683787633,2.8856979169144643,0.09575643513072683,0.7387477902198937,0.09120225080475874,0.16779102611892688,2.1577685416509673e-06,196.62871601795453,0.030679195986021496,112.47889971818879,0.022291995229218205,0.03861418685417752,32915.67945302154,8.248451320209362,14037.944403536823,25413.441458808462,0.0782136705711136,26.789558434577526,89313.7941414379,90.9269171580041,369240.02734425815,43.09701770662353,115962.62656100308,133719.2080765269,1693.6208133494135,0.3840168484848415,0.840191662700085,441.1621994897464,16.176328590815643,0.019948307593483792,3.0292246572038617,10.015774425227528,22.634471785832755,0.06683072456390969,0.6358370221244098,0.32996993744686437,1.1725917422126932,0.4075865273477492,0.7844649322907554,1.6695750483792962,0.2627472822037507,4.131271447970637e-05,0.00019301170104691639,0.05357263244284565,7.45345730428302e-08,0.00020396128941558637,0.004254631506411397,0.011068795830613435,0.8826895804152856,0.0015877181024189168,0.0005916541758412075,8.574130866061606e-07,0.0039050084027816307,0.0006819378793595093,6.910162367000025e-05,0.0,0.0,0.0,1.421747356630755e-05,3.0129067664565668e-05,0.0,0.04027337063755481,0.00026935747751721285,0.0002507326888109256,2.092959646104898e-05,0.0,2.7730350018366815e-06,0.0,4.935993858002306e-05,0.00019561760210970154,1.5677749103778373e-06,0.0,0.0,2.740245845152509e-05,0.0,4.264204651275586e-06,0.0,0.23385749622036975,661.7655942929764,3.12741156600138,506.6147149494468,37.47470482352848,144.02161719460085,860.9271019181515,3497.5111808681313,0.2591942812284416,483.124139480458,421.09352961269394
Dense urban neighbourhoods,588.3595591793343,107.36284858300208,5.034084199614849,0.4357143591920602,5.2082422983315375,3.2784193451083485,0.9504307517517948,0.5198209207971543,17.999101167825195,1.8779680650144044,20.643009403774737,73.55874201504282,2410.3249539184394,0.46929709456354085,0.9608185411256828,21.065372915490986,0.27311527506122996,5.612390472499163,5.169558985960907,21.127424438858103,0.07157973745793389,20375.373303559783,9.895882381629617e-05,27.372913179126762,29333.538788642585,24.83699320499183,3.451955336007122,0.4083173770505011,151.58124616100753,0.93277881226624,2113.579607974502,2.9398410896708285,0.10813005634681304,0.7394400489053812,0.11296047247701033,0.14443720091114687,2.192987109954798e-06,170.89259110721582,0.035908691513368104,111.55142068852493,0.021182931493755885,0.03796851230918448,36610.445645823595,7.574751675871937,13513.861987814082,26111.44142938256,0.06644874608151234,21.556811188781722,97515.74040291883,74.35629640616546,416784.67516254715,45.60713928022969,152810.20803993265,105561.73844886375,1463.15971171972,0.3756637053353082,0.8563270462689595,397.36746517150317,20.880799110968546,0.0832656282683694,4.6264561189930316,17.51845629073093,34.74282302407036,0.11308637030500933,1.0966618254606848,0.5561832354165862,2.29783667408587,0.8837732210239743,1.8068233974303116,3.2078998933472014,0.5593115269007457,6.469748761262163e-05,1.2416595978043694e-05,0.08800466060457376,0.0,0.00025144571164547566,0.004687872662744617,0.010203100166691494,0.7540990929658021,0.0005332991888833289,0.00028281997081781575,0.0,0.009318733897198271,0.0019512527527639943,0.00035251996689429665,0.0,0.0,0.0,0.0,0.0,0.0,0.12860592613038474,0.0001836690385326126,0.0003921780980894133,0.0,0.0,0.0,0.0,0.0,0.0009744576945999244,0.0,0.0,0.0,8.185696847294252e-05,0.0,0.0,0.0,0.1875180996112603,587.2768098731178,4.436632002403686,350.89033856956274,62.78342208052347,106.08435823003472,1568.443596848501,2287.432198576511,0.4761175469052547,528.8501088011363,224.32671301651052
Disconnected suburbia,212.71395783637934,61.631662370382415,0.519371912010802,0.4915884621136572,4.347900169141407,1.0192932719299685,0.981779253652063,0.5737856216365137,11.114825731603116,0.5394065332454697,26.388839280569318,53.549168531675704,1259.025267183052,0.4906273992597933,0.9706154438961334,25.282200413956385,0.22116951704666454,8.075533321744249,5.673519092742893,18.6270464683288,0.05452997043469978,9503.5694686516,8.013366521977823e-05,22.0275692698648,26048.831997294878,27.650428825098164,3.711950314721381,0.43577166392181604,150.5281363956412,0.9199390718003325,1707.5233700859765,2.6845007736512443,0.047280446664508,0.7053685978420692,0.04036443411272698,0.2530990641375556,2.052473274058937e-06,275.9641900070286,0.014851587506157313,111.68618369689332,0.028876802231918457,0.04358392012722425,31422.376249437908,9.984076135379516,15656.958650600822,26810.65299404559,0.09558028072364252,32.35258750027424,84060.32987175114,102.39054143084299,316062.2470486025,39.568555768393246,63671.9776750138,282930.7716568204,2380.495781192246,0.41634409201628825,0.8303703688582705,567.7785849937333,27.07474613858178,0.021202831725230496,2137242.855003144,6.553853115098871,12.351181018154106,0.02102563043718689,0.20778357466647998,0.17998660296170194,0.3802326036938752,0.13184277166599043,0.2553890370003735,0.5896467579996914,0.09552461368530299,0.0,0.0004559034315873067,0.005159541217958858,0.0,1.2800616313674455e-05,0.0015252844822270662,0.004691033126831332,0.9817827839939158,0.0009668642820706841,0.00026364323381433853,1.1622409943154593e-06,0.000433502766108299,5.897679224868956e-05,0.0,1.4763255136093587e-05,9.923743980220679e-05,0.0,6.297992527895734e-07,1.3513376305321792e-05,0.0,0.004448151791339937,1.0404704464809e-05,4.977782641127744e-05,2.8087342784474294e-06,0.0,0.0,0.0,8.925925994553771e-06,0.0,2.909439410263169e-07,0.0,0.0,0.0,0.0,0.0,0.0,0.2935658434989125,761.8583725161309,2.0673147397380562,729.6085165659528,24.18125745767933,217.9456241308385,342.08172200249976,5831.523432571432,0.0779581980476371,523.0502403179796,725.5733822630431
Distilled urbanity,3713.3794271129755,376.3003879612045,159.0876078533831,0.42518610406665924,12.484667165295438,18.589482098618845,0.776950410797251,0.5943144241972378,35.92779360917626,9.034681739700524,20.31891795374831,112.1178825072544,5708.231081281123,0.46459554014552124,0.9409914561860206,20.367338107965377,0.91236157449511,4.432562959948907,5.951611100837812,18.963729807408665,0.033780842683921064,52023.0987667109,9.179922813487746e-05,22.725340956209013,62436.4,19.465633499205232,3.285472732156083,0.2781903204140296,108.89583381709772,0.936347354932399,1944.9433233930313,3.121830985915493,0.13568337669878433,0.7603767551014257,0.15020379620940946,0.08629724247767048,1.8459122524095544e-06,84.41488835947654,0.03192430971188633,86.37542926697425,0.021879498799980805,0.042790052919064576,80289.1338028169,7.839465423446675,13069.705590193184,33257.27288442686,0.05047057632527052,8.876356267431943,145420.68262323184,28.790424013138175,703631.5014481612,53.521126760563384,372984.2125640853,28859.851157864014,683.2744723442657,0.44010304098571035,0.905749748933256,144.74730757722685,20.22805483214331,0.03910592201928641,0.0027627819061940887,36.90873998889344,115.7029630711157,2.435564776776655,12.803073593290941,9.156058018198204,54.16012165465529,39.5148233680834,258.67262366320136,41.69852015408434,23.06139398365974,0.0,0.0,0.0,0.0,0.0,0.0,0.03241579348588068,0.05713113930848516,0.0,0.0,0.0,0.0,0.0,0.0,0.0,0.0,0.0,0.0,0.0,0.0,0.9008123924522934,0.0,0.0,0.0,0.0,0.0,0.0,0.0,0.009640674531991498,0.0,0.0,0.0,0.0,0.0,0.0,0.0,0.02845106091264961,229.90309596452076,22.510563380281692,31.73222815092181,685.156338028169,16.21904994282924,6297.607746478873,702.7508804885434,10.39225352112676,565.2482029444174,29.803442466927986
Gridded residential quarters,283.892607360146,69.66724505978495,0.7490262765589407,0.4917544493078647,4.506685365197679,1.6631506467697241,0.9768415513178036,0.5845477598262648,12.4118047795266,0.7990015599056376,23.12699935993656,52.89301742472141,1251.5433904702265,0.4829169502319483,0.969063829776508,23.06282240159424,0.22780000321146293,5.481542162592541,4.930499845885387,16.47656051896989,0.04355356905224334,9962.174673253787,0.0001789545172945457,21.34477037696555,22561.07813101341,24.271424116331588,3.8697816749568097,0.3817226328795495,126.02061085119533,0.9407230912082164,1950.070248722897,3.0444345194258484,0.13169536461743778,0.7202672223154715,0.16189760685364257,0.11577825082492317,3.9828293801998766e-06,133.12603480530777,0.038036777546283006,92.18996764720559,0.02281429571861539,0.043464987962083375,27914.363824257485,6.948853771854095,9488.10680490363,17094.766074575517,0.08797577071442388,26.76040002004327,64059.40223803175,99.86585946890254,296524.51550394186,42.04396888823426,73335.07267972677,110195.64652899558,1150.5815668316527,0.40747148430232455,0.888518108260596,289.8079247346277,23.04186176916075,0.01774432619692027,0.43166643303800983,7.7403877764523275,15.167930394404959,0.02841824123584417,0.3551275308077309,0.2029926427292023,0.7262223150692719,0.1820906746777699,0.38090731477914963,0.9817347474743916,0.17004866374435418,0.0,0.0001987040759361372,0.004002100225208929,6.235011685974223e-05,9.021045286164443e-05,0.0005812647056836558,0.004812990353503401,0.9179825892671717,0.00044710831846354063,5.950026064989584e-05,0.0,0.0017892214934219532,0.0,2.6678791313211823e-05,1.425401605365564e-05,0.0,2.3725134251274256e-06,0.00010314814720566013,0.00016835679038323283,0.0,0.06833004393514648,0.0006237731978027978,0.0002272362673245219,0.00046071062556478473,0.0,0.0,0.0,0.0,0.0,1.2275800668595569e-05,0.0,0.0,5.1105565554054195e-06,0.0,0.0,0.0,0.20937432953275517,577.6839736847346,3.4099027400970225,516.1973755744547,31.771826462105697,129.24420359926762,1081.376510331786,4094.9152533844394,0.24050326179401046,522.0874337154645,445.51897155341373
Hyper distilled urbanity,3358.0995863282224,330.8185760603876,90.81954394532146,0.4462923441431246,9.2734375,22.513954044127143,0.8028924884988298,0.6176686592005094,37.22019894065469,7.6969095446501665,26.259454984394342,126.57607526015988,8654.321734629206,0.4745509215429727,0.9534637251174396,25.96208576376592,0.6092936004671753,2.7245849289909527,6.547985696413889,22.951523471770532,0.03634255307483091,61122.402971070755,0.00013054642211655787,23.73789942960305,54873.951492537315,17.467264317201167,2.851899774541849,0.22235009077372678,93.90190297048976,0.971903401310243,2057.699403925206,3.328358208955224,0.16557632838709826,0.7045465434576248,0.2304149069579044,0.06169502378697963,2.3762718275231275e-06,75.10560933482542,0.04227571300524646,81.24484762797555,0.01989077064190843,0.042129194533663754,71898.36940298507,6.229446792845572,20051.56831420124,38566.99461358065,0.04700659634776615,8.572360095575412,151507.3474653292,26.996809675516726,621126.1006601141,48.46268656716418,306427.8789351658,31788.406299711176,538.8741389085804,0.446962096339172,0.9412857469598755,120.12620423071262,24.926916720410752,0.08029688685129288,0.004669356403232085,37.931928868135465,183.23454118611346,1.4103069109248703,20.14165715112658,10.680056374438413,152.3106602425007,97.90335034884238,172.75483975160972,30.821295508376256,38.1640338456153,0.0,0.0,0.0,0.009073501603617815,0.0,0.0,0.0,0.0,0.016372068996891847,0.0,0.0,0.0,0.0,0.0,0.0,0.0,0.0,0.0,0.0,0.0,0.973880597858931,0.000673832264257951,0.0,0.0,0.0,0.0,0.0,0.0,0.0,0.0,0.0,0.0,0.0,0.0,0.0,0.0,0.0003012480186518943,324.4163115629509,18.791044776119403,69.74923567273724,1142.5671641791046,14.10126850854105,9213.14552238806,351.3251095707737,34.19776119402985,759.6042079450393,32.54466921088692
Local urbanity,823.3542851861695,135.54391921859545,12.666728877838542,0.4093096821699913,6.014238984029248,5.071848477800074,0.9190849785020744,0.506414517439362,20.711500125951556,2.9767806824937844,20.783068158081335,80.14291290780436,2696.3986955268992,0.46292000092249325,0.9535332511269788,21.215276194520317,0.5952357835612928,5.638053956407608,5.670398601341272,20.61722629558893,0.11209450660738142,22892.041577148608,9.399486396992498e-05,26.2845785776305,36092.83839523081,24.55862603186521,3.6006631259575133,0.4078366623086969,143.14322124977966,0.9244072653871432,2011.4178965920412,2.9399822766454524,0.1080755611840296,0.7512648319204186,0.10698229899202341,0.1385871240499841,2.1508120735655057e-06,167.72094185741398,0.03430355382503789,106.90064794673013,0.02168242922686912,0.03914189367015072,45531.52630306936,8.05127510030748,11878.660939641506,25905.747716390986,0.058966907784556315,16.973816448995766,100616.055552734,56.16897167029887,439804.08632346214,47.29122693949891,173857.47953013124,83656.67107800438,1299.3213906658716,0.38578674688996745,0.8518109494839915,345.6398840793977,21.09028439918568,0.11703716388360724,0.13663013601898352,28.874857040112357,51.188541071187565,0.17754811472222157,1.3227744283298628,0.8011101367808521,4.156450847385101,1.957960443947498,4.8891571529749145,5.714530231974197,1.1384342776261387,0.0,0.0,0.09191580024215863,0.0,1.803222764481803e-05,0.0028521868193906686,0.00660599555352754,0.6335145898925171,7.003409710733635e-05,0.00019469021309170652,0.0,0.014653742692100118,0.0018225570978505385,0.00037480405149384284,0.0,0.0,0.0,0.0,0.0,0.0,0.24536229545852253,0.00027273365880793365,0.0002958016060587618,1.2817484600067685e-07,0.0,0.0,0.0,0.0,0.0016435425070653142,0.0,0.0,0.0,0.0004030657196517927,0.0,0.0,0.0,0.16394164525341065,483.0178623034698,6.848327214556168,216.85859903647818,140.03107341381732,82.46896055294452,2167.9099906779757,1273.226897254227,1.129622170305325,507.7064571517104,161.85498947283378
Metropolitan urbanity,2413.938715692527,283.9351491797182,118.94694905632988,0.39586246436384764,9.717503805175038,12.406893502394977,0.8201418763000833,0.5277582169531646,29.677258881918068,6.78003003505248,22.298673719825977,100.51506134627058,4442.211246475167,0.42118665830645396,0.9336538884962692,22.375294369331108,4.845627727760205,4.8621596082642125,6.370742521130107,22.334953768288244,0.03976580797733514,39665.50736328406,0.00012441843917772967,26.98692724428955,52350.34206349206,22.611125986125224,3.501507132282464,0.3704942041533229,123.29789495628741,0.9336892300683076,2112.1203413205385,3.1449735449735448,0.1405023209497883,0.7452174433016937,0.17028278081840362,0.07847454126300506,2.1601176110362766e-06,79.55677962707038,0.03932284927079678,93.66183441773087,0.020356038432854575,0.04072848746884292,67098.67566137566,8.323778077209502,13201.873760500137,31497.77176974565,0.049232384949252875,11.043817206007166,132683.99078751093,36.290411591839344,643746.0025122782,51.81005291005291,302746.84172963974,29460.254722933856,671.2949076455158,0.39887800580180516,0.8934972925844752,153.64148193960264,21.766137377862304,0.057921230184635714,0.0051212430064506995,43.6999359508177,87.38189372450539,1.0100489896021343,4.182519037379213,3.798227504164383,22.760353914884107,18.926803695121645,65.29926067623477,42.89563315430212,8.741198735805543,0.0,0.0003765156397738472,0.0058103663419223645,0.0,2.7528122235239798e-05,0.0002645502736078557,0.02689191209291267,0.07828577444582915,0.0,0.0,0.0,0.0,0.0,0.0,0.0,0.0,0.0,0.0,0.0,0.0,0.8780356031907279,0.0004294953150886022,0.0004195131226578433,0.0,0.0,0.0,0.0,0.0,0.009313977605218507,0.0,0.0,0.0,0.00014476419834235946,0.0,0.0,0.0,0.05975415613296841,299.93049624273317,17.271957671957672,51.874364002226365,456.52962962962965,40.06398233752402,4490.949206349206,644.5312589711069,4.446825396825397,467.71363134919727,66.31805385988761
Open sprawl,226.7150984054743,59.63978032625448,0.9004778214475945,0.5185313663580404,4.371938552437223,0.9857291346273526,0.9824524534199548,0.6223013338864638,10.488328327929791,0.5475517550600375,20.206341079279238,60.96699725371421,2000.3699345817674,0.47495796559387593,0.9652415246310007,21.070354276285386,0.17920577438721794,8.63541479871324,6.48095681466687,22.134044767537766,0.06255096326622409,16780.983401881105,6.916794266155481e-05,28.942611748344394,26563.04140473709,28.588890606243194,3.7359624532744764,0.4815831295300464,183.42719687392466,0.9023239898151052,1862.0243925842224,2.6785440532443436,0.056034224043916114,0.7119433930595782,0.037935715880694575,0.2482213117499839,1.8137986790886647e-06,288.256554527361,0.019993502559598916,129.03341988712296,0.026431992271956414,0.04001137882207798,32046.290932290132,10.967765342760908,25443.99271792005,47178.86656689932,0.09808100792211569,35.17231162223356,140813.94251854136,103.4504979988809,506987.48983841686,41.54574712052733,136577.3525713444,640071.1701587789,3793.3252521493787,0.38495564443827845,0.7717404117510128,986.366180402196,20.392428752143807,0.04849360500982769,330422.61459596775,5.056521033019565,10.960068599566013,0.03886760475344701,0.4194085723489276,0.17249026165261253,0.45443714984761663,0.16173978083518756,0.2702542199968983,0.5934848688005961,0.08682717654410003,0.0001996382180248551,0.010961735249710588,0.029954988023254803,6.402176792369264e-05,8.240592881602429e-05,0.006276092391432816,0.011979255633656972,0.9110529229690251,0.01573044378896193,0.0027987571613843757,0.00015723685773347436,0.0005753211084592435,0.0005223746609225329,0.00023163373930433742,0.0006567095196288092,0.00028296436232997426,7.203439334205775e-07,0.0003704845033083687,0.00044635398271554856,0.00018855872353200427,0.0030211953146012387,0.0001758696169648448,0.0001149483013940656,0.0035211108264647647,0.0,1.0407937699395057e-05,0.0002768742749964918,6.983342656681415e-05,4.543724651212431e-06,0.00019884007216094368,0.0,2.7851087216129187e-07,2.0486787486547485e-05,0.0,2.0001666763530947e-05,3.2990615864116406e-05,0.29481254251151734,948.025914411647,1.4690233707396034,760.2572542467311,18.171440600993034,267.2386016644257,253.8752264863189,6309.7533414874715,0.06155987729621684,378.35618723604216,1002.6630640048838
Regional urbanity,1480.2609020984273,195.97866041852802,43.19099762873097,0.3930348003620494,7.77686278400635,8.844804814574125,0.8695144575805933,0.5129592051534124,25.254583344481393,4.980198602280879,21.8172086835032,91.91468955813156,3535.284609618789,0.44480856878467895,0.941433393014572,21.878979073371358,1122.5140541855103,5.247429840182506,6.269397089297369,20.937987079382737,7.46443892715003,31594.991371264583,0.00010203607729613718,26.3169814248115,42894.761731041086,23.442167817543847,3.623395621752925,0.3902919501604128,132.1755635866242,0.9224794316318158,2034.7198773856878,3.0114004286561173,0.12136404433147006,0.7573084070268534,0.1282876224719784,0.11136187834483666,2.374532600646743e-06,128.75780838199805,0.032572540238402815,99.7917144817268,0.021475416768859293,0.04056913084553392,54683.066988918785,8.05845724805247,12080.929100205965,29440.274716400454,0.053813347707659956,13.533605064074884,119718.73165377369,43.97291535388831,540975.0687660986,51.94523234073601,238390.55211272067,63476.79493735111,1009.0670345086855,0.39886984541394244,0.8726800211604012,249.04697088135387,21.997421950104105,9.944359878233069,0.00552829125717266,42.994312780999884,67.53066585142243,0.3923607802023456,2.0286263567437643,1.3973913330292227,11.897171452921366,5.69968582561304,16.45480284847926,14.503417227085507,3.3969635615497284,0.0,0.0,0.060909646843124235,0.0,0.0,0.004670901627612382,0.0079311647570979,0.3368519558484993,9.120343125840006e-05,0.0,0.0,0.008941887959807385,0.0036932065474744825,0.0,0.0,0.0,0.0,0.0,4.560171574119075e-05,0.0,0.5684283274717081,1.022642365252519e-05,0.0002894117536371448,0.0022862161484206696,0.0,0.0,0.0,0.0,0.005360924234503766,0.0,0.0,0.0,0.0004893252841888227,0.0,0.0,0.0,0.11026541569193865,331.0677809765945,12.5311231702312,115.00478616657482,324.5007524282913,56.86524012892113,3163.8296775958775,850.2544865052539,2.2330703634456657,461.41585861770034,90.87449693709497
Urban buffer,209.42185805305581,55.94170194072022,0.7433950739518229,0.5236315617189696,4.340539787475787,0.8599729340817992,0.9829038868272518,0.630124752101169,9.808574903802354,0.49295253465134375,21.103160735976882,105.15633451503673,8658.82719661469,0.43567224194098503,0.9536327329854944,21.864217238669884,0.1384509387148938,9.75649376571029,7.056686142069721,45.373503650871505,0.1261659644101282,76942.42674268447,3.773720277834488e-05,67.26658621520019,25744.058959190057,31.00327209511085,3.756028050389993,0.619025813795087,333.76744500279295,0.9085489131603763,3170.784995720445,2.70277574165892,0.05431893512976345,0.7097636234326417,0.03515890362810757,0.25333113365716475,1.3124934511589586e-06,408.66908542515546,0.01783021187067088,212.33973201324093,0.01925231099260516,0.028890584772936094,30784.556501172967,11.329804689734036,100470.30452879159,188719.66135661112,0.08763168437316567,43.95874152323094,556190.0980310268,123.39377479454399,1982158.3524595215,43.5705049292682,692699.4690879621,1854684.2255707784,5664.047465295472,0.3897827589267237,0.8021359987148808,1434.0159019888583,21.519422118346288,0.10856553126466419,1178106554.7725372,3.430531235781943,5.084852533443791,0.050349449551652874,0.37568139615388857,0.14299196091772828,0.3177773939462793,0.1419586388650664,0.20572545536036171,0.39486831779626425,0.06759306436692486,0.001452111174591404,0.11432218323166839,0.02584800713148245,0.0003444086305955604,0.0002133257103095137,0.015261368018368929,0.001602139755886271,0.6849512489632731,0.11673123835060276,0.01152124640685584,0.0012868138922701962,0.0003649152750197733,0.0014253683369622686,0.0005953508850859325,0.004358817584760822,0.003200719319576341,0.00017671146228901842,0.001832945804530083,0.0018686029134056955,0.0005782811275463379,0.0003082208463607499,0.0005358117834258797,0.0003530165697373683,0.0067126599127403964,0.0,0.00013803785176113567,0.0006152520111185311,0.00035764780518450425,9.488897421283775e-05,0.0022648447541243847,7.905861405643338e-06,1.4032557078533294e-05,0.0001229636205849913,0.0,1.9565665942389933e-05,0.0005171871685012059,0.36835113792223545,1752.8734791759289,0.6540180922589612,673.9313993397974,16.138833266983166,379.1698228714734,132.66184588143722,8939.647136491174,0.02405162024945862,345.7907467948652,2102.455609159363
Warehouse land,393.21609714469406,75.68027005888699,3.2630393596514193,0.46946646952128196,4.564889566429929,1.352536161649264,0.9761024039817022,0.5422559654352167,13.200175788524147,0.876237098356261,23.298201369846062,78.66594688285026,3520.8412290443653,0.4643188597303907,0.9603277913763478,23.26837013283825,0.18384367740381138,8.02853318850046,6.061521214129643,28.70713646232297,0.03549319206679177,31956.96373919668,5.886658594231907e-05,40.97263297612633,27897.621689288426,30.85234163887622,3.258514189828659,0.5331192496322795,220.93591188840404,0.907486064826758,2339.7435297584116,2.768921520170892,0.07916762491513435,0.7541618280171386,0.045782550888898675,0.19836478600552018,1.5995940832995438e-06,253.48992501746812,0.026042930616981767,150.42543503118256,0.021430844369185336,0.03469443054300607,33931.571725688824,10.016181761378007,33096.9952818281,66614.67614326546,0.07263400050576652,30.26569375198855,211678.45825625147,93.33472478589213,794621.3325302305,42.926809142203766,297667.65683838486,430998.349633293,2992.299498959003,0.38171376215560693,0.8040429041033663,780.519007194836,24.080568942961825,0.010040814727153543,627879.4280847114,6.928562487159316,18.290676185476183,0.1005121055674467,1.2541758898473911,0.3431753618138338,0.9959820461801127,0.5112578959025146,0.605584248516935,1.057658538903056,0.15851816653758752,0.0030146525950223314,0.01586024934066425,0.1421292803456422,0.0001420345409770809,0.0004753542370660372,0.01125018133256925,0.01602164205799595,0.7725566692518828,0.017321147683697136,0.004014991456626939,0.0002713894537814608,0.005796137529551299,0.00248785962917277,0.0003184502008739222,0.0005280152272888988,0.0004535300385541943,9.747562155859254e-06,0.0006433077800321417,0.0005359399405932238,9.534867053506958e-05,0.0037651672274776537,0.00037306269895603814,0.0001415651000479301,0.0010067303331278712,0.0,0.000209757670215964,7.77837026582569e-06,0.00021879391072861644,0.00017694716656103994,0.0001300129187413737,0.0,0.0,3.145248775961561e-05,0.0,1.280320790507061e-05,0.0,0.28673768680524664,1043.8354093932485,1.4275955880178608,934.0011515720686,10.570083798371346,256.220805340206,271.09253728400904,5121.469149817641,0.05866730877819975,417.4318506484605,898.1744630509511
Wild countryside,209.85538224184606,57.12205156082529,0.2235421895359681,0.5019385142588704,4.381271688589573,0.7061301820706444,0.9765216141806593,0.5899082169722143,9.947378366433535,0.6018078656664753,21.85522634736188,449.71118709183935,155623.91622017097,0.35349314442489105,0.9145381530753767,22.512988350852883,0.040480468717993406,12.552449998433735,10.048459550617354,238.44696614730753,0.014505597824274175,1485709.2763785576,3.160269404031841e-06,367.71569964136035,25890.710262480156,34.31424727132742,3.408137036992438,0.9203752893932621,842.7893754523803,0.9128152920814101,8062.034672324829,2.6898128492866005,0.04684083947573419,0.684434762450807,0.036822111406517796,0.2778451716226286,4.0006661893790155e-07,1186.5152473378855,0.009686703298082541,601.6029078056777,0.007144526278914915,0.010445002431319874,30697.500536061492,12.765227519953903,1215083.9532355242,2174736.92842323,0.023932761700639116,26.07817700114496,5556960.683050856,71.94426799186131,17403052.982240964,47.55843731054067,14081627.807621779,44036373.801780745,21952.83500924311,0.381810100934729,0.7919147502183023,5069.062062882119,22.655905183482393,0.010341000927329796,2270509.6551044523,1.3074812788292127,0.47698681155238315,0.10771429876440382,0.09332844299626279,0.06643310451114892,0.12421381880410827,0.03581782147580091,0.06486727920209007,0.1201010820622777,0.034617225540999864,0.0004525932678904233,0.14619059183625788,0.003281096265632623,0.0003971506456269958,0.00024916019898922517,0.00643338923572418,0.0,0.026028711654990114,0.589576758855325,0.028738868627568373,0.0019551198703801472,0.00019331886625820655,0.001042523782776879,0.003504909797850451,0.01396349785029668,0.016562459975151,0.02480296935613418,0.04469479613706637,0.039476364062218654,0.008707378215267332,0.0,0.001279268744343814,0.0022588476887911986,3.88398892387292e-05,2.6224404853967073e-06,9.882696494387955e-05,0.0012140855969531876,0.0001547360902690945,5.1895810451024336e-05,0.036952565125570686,8.291079486258362e-05,2.8051674693497817e-06,0.0004967885851643911,0.0,0.001030137542838345,1.79326005933751e-05,0.5580892201729378,9854.123936985045,0.028975403945875135,1324.025043897821,4.21271977282226,1699.16964935386,33.073292573937664,20695.29066541739,0.0016800448011946986,236.7303237686649,11041.324478161281
outlier,500.2387597089185,64.31041819449246,2.870285436893818,0.7751856761447046,11.563106796116505,44.1426796523796,1.0572490137689579,0.8221320412154813,10.632180658855084,0.2821170480118971,27.15912896935457,125.97055702426994,12178.732203300944,0.41318915947385754,0.9527266921605028,20.255318511284013,0.2118800167005432,14.771199021095981,13.618479585648684,51.47402288224178,0.030273300753743314,37507.79780251959,5.719316468529076e-05,65.67881691155537,60311.017857142855,38.84954744823094,2.7690595198005945,0.9039254890226667,376.7283786344975,0.8622555435749977,3135.68016607314,2.580357142857143,0.14185611507965787,0.7925927181556062,0.032273187009211855,0.1751340948351818,3.707375470108551e-07,474.1167202699572,0.0850642908678623,300.2737566458344,0.009468406051955881,0.015790836127171835,68491.89285714286,16.332335201782392,42129.79884316318,88643.51671043983,0.04148476343663594,22.24091132019146,279200.8330883895,45.728517716453766,899887.7902693937,22.285714285714285,101618.08212172742,242007.84836758947,3687.348719053384,0.15668567262769645,0.6823634222096683,1694.9105736165536,27.49496396675554,0.01856125011109777,0.0021055583697474054,0.9900951535036516,50.04387426787265,0.11982027571139042,1.8262641973287828,0.38972113019060217,0.5277604715702182,0.5985228299071294,0.3062715820013701,0.07452190612418365,0.01738887525568446,0.0,0.0,0.0,0.0,0.0046059334877872555,0.008928571127203163,0.0,0.017857142994547236,0.008928571563756416,0.0,0.0,0.8624468230143812,0.0,0.0,0.0,0.0,0.0,0.0166540642394414,0.03350892105658732,0.0,0.0,0.025862830512876248,0.02120714124992918,0.0,0.0,0.0,0.0,0.0,0.0,0.0,0.0,0.0,0.0,0.0,0.0,0.0,0.07877640966923094,3337.054735888232,0.017857142857142856,1795.2286331312996,1.2857142857142858,2303.176980291094,7.848214285714286,7388.413122106482,0.0,10.618568425777813,2876.467504193759
